organization-id;device-id;time-base-schedule-number;time-base-schedule-month;time-base-schedule-day;time-base-schedule-date;time-base-schedule-day-plan;day-plan-hour;day-plan-minute;date;time;offset;holiday-table;tod-flags;meter-action
Caltrans;12010;1;8190;124;4294967294;63;5;30;20191024;090858;-0700;"";;trafficResponsive
Caltrans;12010;2;8190;254;4294967294;80;9;30;20191024;090858;-0700;"";;dark
Caltrans;12010;3;8190;124;4294967294;191;15;0;20191024;090858;-0700;"";PM_responsive_tables;trafficResponsive
Caltrans;12010;4;8190;254;4294967294;208;19;0;20191024;090858;-0700;"";PM_responsive_tables;dark
Caltrans;12012;1;8190;124;4294967294;191;14;0;20191024;090858;-0700;"";PM_responsive_tables;trafficResponsive
Caltrans;12012;2;8190;254;4294967294;208;19;0;20191024;090858;-0700;"";PM_responsive_tables;dark
Caltrans;18111;1;8190;124;4294967294;63;5;30;20191024;090858;-0700;"";;trafficResponsive
Caltrans;18111;2;8190;254;4294967294;80;9;30;20191024;090858;-0700;"";;dark
Caltrans;12013;1;8190;124;4294967294;191;14;0;20191024;090858;-0700;"";PM_responsive_tables;trafficResponsive
Caltrans;12013;2;8190;254;4294967294;208;19;0;20191024;090858;-0700;"";PM_responsive_tables;dark
Caltrans;295;1;8190;124;4294967294;191;15;0;20191024;090857;-0700;"";PM_responsive_tables;trafficResponsive
Caltrans;295;2;8190;254;4294967294;208;19;0;20191024;090857;-0700;"";PM_responsive_tables;dark
Caltrans;10703;1;8190;124;4294967294;63;5;30;20191024;090857;-0700;"";;trafficResponsive
Caltrans;10703;2;8190;254;4294967294;80;9;30;20191024;090857;-0700;"";;dark
Caltrans;10704;1;8190;124;4294967294;63;5;30;20191024;090857;-0700;"";;trafficResponsive
Caltrans;10704;2;8190;254;4294967294;80;9;30;20191024;090857;-0700;"";;dark
Caltrans;10701;1;8190;124;4294967294;181;15;0;20191024;090857;-0700;"";PM_responsive_tables;trafficResponsive
Caltrans;10701;2;8190;254;4294967294;208;19;0;20191024;090857;-0700;"";PM_responsive_tables;dark
Caltrans;10702;1;8190;124;4294967294;63;5;30;20191024;090857;-0700;"";;trafficResponsive
Caltrans;10702;2;8190;254;4294967294;80;9;30;20191024;090857;-0700;"";;dark
Caltrans;10707;1;8190;124;4294967294;63;5;30;20191024;090857;-0700;"";;trafficResponsive
Caltrans;10707;2;8190;254;4294967294;80;9;30;20191024;090857;-0700;"";;dark
Caltrans;10801;1;8190;124;4294967294;63;5;30;20191024;090858;-0700;"";;trafficResponsive
Caltrans;10801;2;8190;254;4294967294;80;9;30;20191024;090858;-0700;"";;dark
Caltrans;16803;1;8190;124;4294967294;191;15;0;20191024;090858;-0700;"";PM_responsive_tables;trafficResponsive
Caltrans;16803;2;8190;254;4294967294;208;19;0;20191024;090858;-0700;"";PM_responsive_tables;dark
Caltrans;109;1;8190;124;4294967294;97;5;30;20191024;090857;-0700;"";;fixedRate
Caltrans;109;2;8190;124;4294967294;101;6;30;20191024;090857;-0700;"";;fixedRate
Caltrans;109;3;8190;124;4294967294;111;7;30;20191024;090857;-0700;"";;fixedRate
Caltrans;109;4;8190;124;4294967294;97;10;0;20191024;090857;-0700;"";;fixedRate
Caltrans;109;5;8190;254;4294967294;80;11;0;20191024;090857;-0700;"";;dark
Caltrans;109;6;8190;124;4294967294;233;14;0;20191024;090857;-0700;"";PM_responsive_tables;fixedRate
Caltrans;109;7;8190;124;4294967294;228;16;0;20191024;090857;-0700;"";PM_responsive_tables;fixedRate
Caltrans;109;8;8190;124;4294967294;225;17;0;20191024;090857;-0700;"";PM_responsive_tables;fixedRate
Caltrans;109;9;8190;124;4294967294;225;18;0;20191024;090857;-0700;"";PM_responsive_tables;fixedRate
Caltrans;109;10;8190;254;4294967294;208;19;0;20191024;090857;-0700;"";PM_responsive_tables;dark
Caltrans;107;1;8190;124;4294967294;63;5;30;20191024;090857;-0700;"";;trafficResponsive
Caltrans;107;2;8190;254;4294967294;80;11;0;20191024;090857;-0700;"";;dark
Caltrans;107;3;8190;124;4294967294;191;14;0;20191024;090857;-0700;"";PM_responsive_tables;trafficResponsive
Caltrans;107;4;8190;254;4294967294;208;19;0;20191024;090857;-0700;"";PM_responsive_tables;dark
Caltrans;104;1;8190;124;4294967294;63;5;30;20191024;090857;-0700;"";;trafficResponsive
Caltrans;104;2;8190;254;4294967294;80;9;30;20191024;090857;-0700;"";;dark
Caltrans;100;1;8190;124;4294967294;63;5;30;20191024;090857;-0700;"";;trafficResponsive
Caltrans;100;2;8190;254;4294967294;80;9;30;20191024;090857;-0700;"";;dark
Caltrans;11308;1;8190;124;4294967294;191;15;0;20191024;090858;-0700;"";PM_responsive_tables;trafficResponsive
Caltrans;11308;2;8190;254;4294967294;208;19;0;20191024;090858;-0700;"";PM_responsive_tables;dark
Caltrans;11405;1;8190;124;4294967294;63;5;30;20191024;090858;-0700;"";;trafficResponsive
Caltrans;11405;2;8190;254;4294967294;80;9;30;20191024;090858;-0700;"";;dark
Caltrans;11405;3;8190;124;4294967294;191;15;0;20191024;090858;-0700;"";PM_responsive_tables;trafficResponsive
Caltrans;11405;4;8190;254;4294967294;208;19;0;20191024;090858;-0700;"";PM_responsive_tables;dark
Caltrans;11406;1;8190;124;4294967294;191;15;0;20191024;090858;-0700;"";PM_responsive_tables;trafficResponsive
Caltrans;11406;2;8190;254;4294967294;208;19;0;20191024;090858;-0700;"";PM_responsive_tables;dark
Caltrans;10305;1;8190;64;4294967294;229;14;30;20191024;090857;-0700;"";PM_responsive_tables;fixedRate
Caltrans;10305;2;8190;56;4294967294;229;15;0;20191024;090857;-0700;"";PM_responsive_tables;fixedRate
Caltrans;10305;3;8190;4;4294967294;229;15;30;20191024;090857;-0700;"";PM_responsive_tables;fixedRate
Caltrans;10305;4;8190;64;4294967294;208;17;30;20191024;090857;-0700;"";PM_responsive_tables;dark
Caltrans;10305;5;8190;4;4294967294;208;18;0;20191024;090857;-0700;"";PM_responsive_tables;dark
Caltrans;10305;6;8190;56;4294967294;208;18;30;20191024;090857;-0700;"";PM_responsive_tables;dark
Caltrans;111;1;8190;124;4294967294;97;5;30;20191024;090857;-0700;"";;fixedRate
Caltrans;111;2;8190;124;4294967294;106;6;30;20191024;090857;-0700;"";;fixedRate
Caltrans;111;3;8190;124;4294967294;97;10;0;20191024;090857;-0700;"";;fixedRate
Caltrans;111;4;8190;254;4294967294;80;11;0;20191024;090857;-0700;"";;dark
Caltrans;111;5;8190;124;4294967294;231;14;0;20191024;090857;-0700;"";PM_responsive_tables;fixedRate
Caltrans;111;6;8190;254;4294967294;208;19;0;20191024;090857;-0700;"";PM_responsive_tables;dark
Caltrans;10301;1;8190;124;4294967294;63;5;30;20191024;090857;-0700;"";;trafficResponsive
Caltrans;10301;2;8190;254;4294967294;80;9;30;20191024;090857;-0700;"";;dark
Caltrans;10301;3;8190;124;4294967294;191;15;0;20191024;090857;-0700;"";PM_responsive_tables;trafficResponsive
Caltrans;10301;4;8190;254;4294967294;208;19;0;20191024;090857;-0700;"";PM_responsive_tables;dark
Caltrans;11807;1;8190;124;4294967294;63;5;30;20191024;090858;-0700;"";;trafficResponsive
Caltrans;11807;2;8190;254;4294967294;80;9;30;20191024;090858;-0700;"";;dark
Caltrans;11401;1;8190;124;4294967294;177;15;0;20191024;090858;-0700;"";PM_responsive_tables;trafficResponsive
Caltrans;11401;2;8190;254;4294967294;208;19;0;20191024;090858;-0700;"";PM_responsive_tables;dark
Caltrans;11404;1;8190;124;4294967294;191;15;0;20191024;090858;-0700;"";PM_responsive_tables;trafficResponsive
Caltrans;11404;2;8190;124;4294967294;176;18;0;20191024;090858;-0700;"";PM_responsive_tables;trafficResponsive
Caltrans;11404;3;8190;254;4294967294;208;19;0;20191024;090858;-0700;"";PM_responsive_tables;dark
Caltrans;110;1;8190;124;4294967294;97;5;30;20191024;090857;-0700;"";;fixedRate
Caltrans;110;2;8190;124;4294967294;99;6;0;20191024;090857;-0700;"";;fixedRate
Caltrans;110;3;8190;124;4294967294;106;6;30;20191024;090857;-0700;"";;fixedRate
Caltrans;110;4;8190;124;4294967294;97;10;15;20191024;090857;-0700;"";;fixedRate
Caltrans;110;5;8190;254;4294967294;80;11;0;20191024;090857;-0700;"";;dark
Caltrans;110;6;8190;124;4294967294;231;14;0;20191024;090857;-0700;"";PM_responsive_tables;fixedRate
Caltrans;110;7;8190;124;4294967294;106;15;0;20191024;090857;-0700;"";;fixedRate
Caltrans;110;8;8190;124;4294967294;103;16;30;20191024;090857;-0700;"";;fixedRate
Caltrans;110;9;8190;124;4294967294;97;18;30;20191024;090857;-0700;"";;fixedRate
Caltrans;110;10;8190;254;4294967294;208;19;0;20191024;090857;-0700;"";PM_responsive_tables;dark
Caltrans;11003;1;8190;124;4294967294;63;5;30;20191024;090858;-0700;"";;trafficResponsive
Caltrans;11003;2;8190;254;4294967294;80;9;30;20191024;090858;-0700;"";;dark
Caltrans;11004;1;8190;124;4294967294;191;15;0;20191024;090858;-0700;"";PM_responsive_tables;trafficResponsive
Caltrans;11004;2;8190;254;4294967294;208;19;0;20191024;090858;-0700;"";PM_responsive_tables;dark
Caltrans;11007;1;8190;124;4294967294;63;5;30;20191024;090858;-0700;"";;trafficResponsive
Caltrans;11007;2;8190;254;4294967294;80;9;30;20191024;090858;-0700;"";;dark
Caltrans;11008;1;8190;124;4294967294;191;15;0;20191024;090858;-0700;"";PM_responsive_tables;trafficResponsive
Caltrans;11008;2;8190;254;4294967294;208;19;0;20191024;090858;-0700;"";PM_responsive_tables;dark
Caltrans;11005;1;8190;124;4294967294;63;5;30;20191024;090858;-0700;"";;trafficResponsive
Caltrans;11005;2;8190;254;4294967294;80;9;30;20191024;090858;-0700;"";;dark
Caltrans;11006;1;8190;124;4294967294;191;15;0;20191024;090858;-0700;"";PM_responsive_tables;trafficResponsive
Caltrans;11006;2;8190;254;4294967294;208;19;0;20191024;090858;-0700;"";PM_responsive_tables;dark
Caltrans;11810;1;8190;124;4294967294;191;14;0;20191024;090858;-0700;"";PM_responsive_tables;trafficResponsive
Caltrans;11810;2;8190;254;4294967294;208;19;0;20191024;090858;-0700;"";PM_responsive_tables;dark
Caltrans;11411;1;8190;124;4294967294;191;15;0;20191024;090858;-0700;"";PM_responsive_tables;trafficResponsive
Caltrans;11411;2;8190;254;4294967294;208;19;0;20191024;090858;-0700;"";PM_responsive_tables;dark
Caltrans;11410;1;8190;124;4294967294;191;15;0;20191025;070543;-0700;"";PM_responsive_tables;trafficResponsive
Caltrans;11410;2;8190;254;4294967294;208;19;0;20191025;070543;-0700;"";PM_responsive_tables;dark
Caltrans;122;1;8190;124;4294967294;191;15;0;20191024;090857;-0700;"";PM_responsive_tables;trafficResponsive
Caltrans;122;2;8190;254;4294967294;208;19;0;20191024;090857;-0700;"";PM_responsive_tables;dark
Caltrans;123;1;8190;124;4294967294;191;15;0;20191024;090857;-0700;"";PM_responsive_tables;trafficResponsive
Caltrans;123;2;8190;254;4294967294;208;19;0;20191024;090857;-0700;"";PM_responsive_tables;dark
Caltrans;128;1;8190;124;4294967294;191;15;0;20191024;090857;-0700;"";PM_responsive_tables;trafficResponsive
Caltrans;128;2;8190;254;4294967294;208;19;0;20191024;090857;-0700;"";PM_responsive_tables;dark
Caltrans;126;1;8190;124;4294967294;191;15;0;20191024;090857;-0700;"";PM_responsive_tables;trafficResponsive
Caltrans;126;2;8190;254;4294967294;208;19;0;20191024;090857;-0700;"";PM_responsive_tables;dark
Caltrans;127;1;8190;124;4294967294;191;15;0;20191024;090857;-0700;"";PM_responsive_tables;trafficResponsive
Caltrans;127;2;8190;254;4294967294;208;19;0;20191024;090857;-0700;"";PM_responsive_tables;dark
Caltrans;10811;1;8190;124;4294967294;63;5;30;20191024;090858;-0700;"";;trafficResponsive
Caltrans;10811;2;8190;254;4294967294;80;9;30;20191024;090858;-0700;"";;dark
Caltrans;11312;1;8190;124;4294967294;63;5;30;20191024;090858;-0700;"";;trafficResponsive
Caltrans;11312;2;8190;254;4294967294;80;9;30;20191024;090858;-0700;"";;dark
Caltrans;15901;1;8190;124;4294967294;63;5;30;20191024;090858;-0700;"01/01;01/20;02/17;05/26;07/04;09/01;11/11;11/27;11/28;12/25;";;trafficResponsive
Caltrans;15901;2;8190;254;4294967294;80;9;30;20191024;090858;-0700;"01/01;01/20;02/17;05/26;07/04;09/01;11/11;11/27;11/28;12/25;";;dark
Caltrans;130;1;8190;124;4294967294;188;15;0;20191024;090857;-0700;"";PM_responsive_tables;trafficResponsive
Caltrans;130;2;8190;254;4294967294;208;19;0;20191024;090857;-0700;"";PM_responsive_tables;dark
Caltrans;132;1;8190;124;4294967294;191;15;0;20191024;090857;-0700;"";PM_responsive_tables;trafficResponsive
Caltrans;132;2;8190;254;4294967294;208;19;0;20191024;090857;-0700;"";PM_responsive_tables;dark
Caltrans;131;1;8190;124;4294967294;183;15;0;20191024;090857;-0700;"";PM_responsive_tables;trafficResponsive
Caltrans;131;2;8190;254;4294967294;208;19;0;20191024;090857;-0700;"";PM_responsive_tables;dark
Caltrans;324;1;8190;124;4294967294;63;5;30;20191024;090857;-0700;"";;trafficResponsive
Caltrans;324;2;8190;124;4294967294;49;6;45;20191024;090857;-0700;"";;trafficResponsive
Caltrans;324;3;8190;254;4294967294;80;9;30;20191024;090857;-0700;"";;dark
Caltrans;320;1;8190;124;4294967294;63;5;30;20191024;090857;-0700;"";;trafficResponsive
Caltrans;320;2;8190;254;4294967294;80;9;30;20191024;090857;-0700;"";;dark
Caltrans;10512;1;8190;124;4294967294;188;15;0;20191024;090857;-0700;"";PM_responsive_tables;trafficResponsive
Caltrans;10512;2;8190;254;4294967294;208;19;0;20191024;090857;-0700;"";PM_responsive_tables;dark
Caltrans;319;1;8190;124;4294967294;63;5;30;20191024;090857;-0700;"";;trafficResponsive
Caltrans;319;2;8190;254;4294967294;80;9;30;20191024;090857;-0700;"";;dark
Caltrans;10411;1;8190;124;4294967294;191;15;0;20191024;090857;-0700;"";PM_responsive_tables;trafficResponsive
Caltrans;10411;2;8190;254;4294967294;208;19;0;20191024;090857;-0700;"";PM_responsive_tables;dark
Caltrans;91;1;8190;124;4294967294;63;5;30;20191024;090857;-0700;"";;trafficResponsive
Caltrans;91;2;8190;254;4294967294;80;9;30;20191024;090857;-0700;"";;dark
Caltrans;16213;1;8190;124;4294967294;50;5;30;20191024;090858;-0700;"";;trafficResponsive
Caltrans;16213;2;8190;254;4294967294;80;9;30;20191024;090858;-0700;"";;dark
Caltrans;16210;1;8190;124;4294967294;63;5;30;20191024;090858;-0700;"";;trafficResponsive
Caltrans;16210;2;8190;124;4294967294;98;6;30;20191024;090858;-0700;"";;fixedRate
Caltrans;16210;3;8190;254;4294967294;80;9;30;20191024;090858;-0700;"";;dark
Caltrans;16210;4;8190;124;4294967294;226;15;0;20191024;090858;-0700;"";PM_responsive_tables;fixedRate
Caltrans;16210;5;8190;254;4294967294;208;18;30;20191024;090858;-0700;"";PM_responsive_tables;dark
Caltrans;16210;6;8190;254;4294967294;208;19;0;20191024;090858;-0700;"";PM_responsive_tables;dark
Caltrans;11705;1;8190;124;4294967294;191;15;0;20191024;090858;-0700;"";PM_responsive_tables;trafficResponsive
Caltrans;11705;2;8190;254;4294967294;208;19;0;20191024;090858;-0700;"";PM_responsive_tables;dark
Caltrans;402;1;8190;124;4294967294;63;5;30;20191024;090857;-0700;"";;trafficResponsive
Caltrans;402;2;8190;254;4294967294;80;9;0;20191024;090857;-0700;"";;dark
Caltrans;11706;1;8190;124;4294967294;191;15;0;20191024;090858;-0700;"";PM_responsive_tables;trafficResponsive
Caltrans;11706;2;8190;254;4294967294;208;19;0;20191024;090858;-0700;"";PM_responsive_tables;dark
Caltrans;207;1;8190;124;4294967294;231;15;0;20191024;090857;-0700;"";PM_responsive_tables;fixedRate
Caltrans;207;2;8190;254;4294967294;208;19;0;20191024;090857;-0700;"";PM_responsive_tables;dark
Caltrans;10403;1;8190;124;4294967294;191;15;0;20191024;090857;-0700;"";PM_responsive_tables;trafficResponsive
Caltrans;10403;2;8190;254;4294967294;208;19;0;20191024;090857;-0700;"";PM_responsive_tables;dark
Caltrans;205;1;8190;124;4294967294;63;5;30;20191024;090857;-0700;"";;trafficResponsive
Caltrans;205;2;8190;254;4294967294;80;9;30;20191024;090857;-0700;"";;dark
Caltrans;205;3;8190;124;4294967294;191;14;0;20191024;090857;-0700;"";PM_responsive_tables;trafficResponsive
Caltrans;205;4;8190;254;4294967294;208;19;0;20191024;090857;-0700;"";PM_responsive_tables;dark
Caltrans;11901;1;8190;124;4294967294;191;14;0;20191024;090858;-0700;"";PM_responsive_tables;trafficResponsive
Caltrans;11901;2;8190;254;4294967294;208;19;0;20191024;090858;-0700;"";PM_responsive_tables;dark
Caltrans;11902;1;8190;124;4294967294;63;5;30;20191024;090858;-0700;"";;trafficResponsive
Caltrans;11902;2;8190;254;4294967294;80;9;30;20191024;090858;-0700;"";;dark
Caltrans;11902;3;8190;124;4294967294;191;15;0;20191024;090858;-0700;"";PM_responsive_tables;trafficResponsive
Caltrans;11902;4;8190;254;4294967294;208;19;0;20191024;090858;-0700;"";PM_responsive_tables;dark
Caltrans;203;1;8190;124;4294967294;56;5;30;20191024;090857;-0700;"";;trafficResponsive
Caltrans;203;2;8190;254;4294967294;80;9;30;20191024;090857;-0700;"";;dark
Caltrans;203;3;8190;124;4294967294;191;14;0;20191024;090857;-0700;"";PM_responsive_tables;trafficResponsive
Caltrans;203;4;8190;254;4294967294;208;19;0;20191024;090857;-0700;"";PM_responsive_tables;dark
Caltrans;10407;1;8190;124;4294967294;191;15;0;20191024;090857;-0700;"";PM_responsive_tables;trafficResponsive
Caltrans;10407;2;8190;254;4294967294;208;19;0;20191024;090857;-0700;"";PM_responsive_tables;dark
Caltrans;11903;1;8190;124;4294967294;191;14;0;20191024;090858;-0700;"";PM_responsive_tables;trafficResponsive
Caltrans;11903;2;8190;254;4294967294;208;19;0;20191024;090858;-0700;"";PM_responsive_tables;dark
Caltrans;204;1;8190;124;4294967294;63;5;30;20191024;090857;-0700;"";;trafficResponsive
Caltrans;204;2;8190;254;4294967294;80;9;30;20191024;090857;-0700;"";;dark
Caltrans;204;3;8190;124;4294967294;191;15;0;20191024;090857;-0700;"";PM_responsive_tables;trafficResponsive
Caltrans;204;4;8190;254;4294967294;208;19;0;20191024;090857;-0700;"";PM_responsive_tables;dark
Caltrans;11904;1;8190;124;4294967294;63;5;30;20191024;090858;-0700;"";;trafficResponsive
Caltrans;11904;2;8190;254;4294967294;80;9;30;20191024;090858;-0700;"";;dark
Caltrans;11904;3;8190;124;4294967294;191;15;0;20191024;090858;-0700;"";PM_responsive_tables;trafficResponsive
Caltrans;11904;4;8190;254;4294967294;208;19;0;20191024;090858;-0700;"";PM_responsive_tables;dark
Caltrans;201;1;8190;124;4294967294;63;5;30;20191024;090857;-0700;"";;trafficResponsive
Caltrans;201;2;8190;254;4294967294;80;9;30;20191024;090857;-0700;"";;dark
Caltrans;201;3;8190;124;4294967294;191;14;0;20191024;090857;-0700;"";PM_responsive_tables;trafficResponsive
Caltrans;201;4;8190;254;4294967294;208;19;0;20191024;090857;-0700;"";PM_responsive_tables;dark
Caltrans;152;1;8190;124;4294967294;63;5;30;20191024;090857;-0700;"";;trafficResponsive
Caltrans;152;2;8190;254;4294967294;80;9;30;20191024;090857;-0700;"";;dark
Caltrans;152;3;8190;124;4294967294;191;14;0;20191024;090857;-0700;"";PM_responsive_tables;trafficResponsive
Caltrans;152;4;8190;254;4294967294;208;19;0;20191024;090857;-0700;"";PM_responsive_tables;dark
Caltrans;10409;1;8190;124;4294967294;63;5;30;20191024;090857;-0700;"";;trafficResponsive
Caltrans;10409;2;8190;254;4294967294;80;9;30;20191024;090857;-0700;"";;dark
Caltrans;10409;3;8190;124;4294967294;191;15;0;20191024;090857;-0700;"";PM_responsive_tables;trafficResponsive
Caltrans;10409;4;8190;254;4294967294;208;19;0;20191024;090857;-0700;"";PM_responsive_tables;dark
Caltrans;11905;1;8190;124;4294967294;63;5;30;20191024;090858;-0700;"";;trafficResponsive
Caltrans;11905;2;8190;254;4294967294;80;9;30;20191024;090858;-0700;"";;dark
Caltrans;11905;3;8190;124;4294967294;191;15;0;20191024;090858;-0700;"";PM_responsive_tables;trafficResponsive
Caltrans;11905;4;8190;254;4294967294;208;19;0;20191024;090858;-0700;"";PM_responsive_tables;dark
Caltrans;202;1;8190;124;4294967294;63;5;30;20191024;090857;-0700;"";;trafficResponsive
Caltrans;202;2;8190;254;4294967294;80;9;30;20191024;090857;-0700;"";;dark
Caltrans;202;3;8190;124;4294967294;191;15;0;20191024;090857;-0700;"";PM_responsive_tables;trafficResponsive
Caltrans;202;4;8190;254;4294967294;208;19;0;20191024;090857;-0700;"";PM_responsive_tables;dark
Caltrans;151;1;8190;124;4294967294;63;5;30;20191024;090857;-0700;"";;trafficResponsive
Caltrans;151;2;8190;254;4294967294;80;9;30;20191024;090857;-0700;"";;dark
Caltrans;151;3;8190;124;4294967294;191;15;0;20191024;090857;-0700;"";PM_responsive_tables;trafficResponsive
Caltrans;151;4;8190;254;4294967294;208;19;0;20191024;090857;-0700;"";PM_responsive_tables;dark
Caltrans;10408;1;8190;124;4294967294;63;5;30;20191024;090857;-0700;"";;trafficResponsive
Caltrans;10408;2;8190;254;4294967294;80;9;30;20191024;090857;-0700;"";;dark
Caltrans;10408;3;8190;124;4294967294;191;15;0;20191024;090857;-0700;"";PM_responsive_tables;trafficResponsive
Caltrans;10408;4;8190;254;4294967294;208;19;0;20191024;090857;-0700;"";PM_responsive_tables;dark
Caltrans;11907;1;8190;124;4294967294;191;14;0;20191024;090858;-0700;"";PM_responsive_tables;trafficResponsive
Caltrans;11907;2;8190;254;4294967294;208;19;0;20191024;090858;-0700;"";PM_responsive_tables;dark
Caltrans;200;1;8190;124;4294967294;63;5;30;20191024;090857;-0700;"";;trafficResponsive
Caltrans;200;2;8190;254;4294967294;80;9;30;20191024;090857;-0700;"";;dark
Caltrans;200;3;8190;124;4294967294;191;14;0;20191024;090857;-0700;"";PM_responsive_tables;trafficResponsive
Caltrans;200;4;8190;254;4294967294;208;19;0;20191024;090857;-0700;"";PM_responsive_tables;dark
Caltrans;300;1;8190;124;4294967294;186;14;30;20191024;090857;-0700;"";PM_responsive_tables;trafficResponsive
Caltrans;300;2;8190;254;4294967294;208;19;0;20191024;090857;-0700;"";PM_responsive_tables;dark
Caltrans;155;1;8190;124;4294967294;63;5;30;20191024;090857;-0700;"";;trafficResponsive
Caltrans;155;2;8190;254;4294967294;80;9;30;20191024;090857;-0700;"";;dark
Caltrans;158;1;8190;124;4294967294;63;5;30;20191024;090857;-0700;"";;trafficResponsive
Caltrans;158;2;8190;124;4294967294;58;6;30;20191024;090857;-0700;"";;trafficResponsive
Caltrans;158;3;8190;124;4294967294;63;7;15;20191024;090857;-0700;"";;trafficResponsive
Caltrans;158;4;8190;124;4294967294;80;9;30;20191024;090857;-0700;"";;dark
Caltrans;302;1;8190;124;4294967294;63;5;30;20191024;090857;-0700;"";;trafficResponsive
Caltrans;302;2;8190;254;4294967294;80;9;30;20191024;090857;-0700;"";;dark
Caltrans;302;3;8190;124;4294967294;191;15;0;20191024;090857;-0700;"";PM_responsive_tables;trafficResponsive
Caltrans;302;4;8190;254;4294967294;208;19;0;20191024;090857;-0700;"";PM_responsive_tables;dark
Caltrans;18106;1;8190;124;4294967294;63;5;30;20191024;090858;-0700;"";;trafficResponsive
Caltrans;18106;2;8190;254;4294967294;80;9;30;20191024;090858;-0700;"";;dark
Caltrans;11910;1;8190;124;4294967294;186;14;0;20191024;090858;-0700;"";PM_responsive_tables;trafficResponsive
Caltrans;11910;2;8190;254;4294967294;208;19;0;20191024;090858;-0700;"";PM_responsive_tables;dark
Caltrans;11913;1;8190;124;4294967294;63;5;30;20191024;090858;-0700;"";;trafficResponsive
Caltrans;11913;2;8190;254;4294967294;80;9;30;20191024;090858;-0700;"";;dark
Caltrans;11913;3;8190;124;4294967294;191;15;0;20191024;090858;-0700;"";PM_responsive_tables;trafficResponsive
Caltrans;11913;4;8190;254;4294967294;208;19;0;20191024;090858;-0700;"";PM_responsive_tables;dark
Caltrans;11911;1;8190;124;4294967294;191;14;0;20191024;090858;-0700;"";PM_responsive_tables;trafficResponsive
Caltrans;11911;2;8190;254;4294967294;208;19;0;20191024;090858;-0700;"";PM_responsive_tables;dark
Caltrans;11912;1;8190;124;4294967294;63;5;30;20191024;090858;-0700;"";;trafficResponsive
Caltrans;11912;2;8190;254;4294967294;80;9;30;20191024;090858;-0700;"";;dark
Caltrans;11912;3;8190;124;4294967294;191;15;0;20191024;090858;-0700;"";PM_responsive_tables;trafficResponsive
Caltrans;11912;4;8190;254;4294967294;208;19;0;20191024;090858;-0700;"";PM_responsive_tables;dark
Caltrans;169;1;8190;124;4294967294;63;5;30;20191024;090857;-0700;"";;trafficResponsive
Caltrans;169;2;8190;124;4294967294;111;5;40;20191024;090857;-0700;"";;fixedRate
Caltrans;169;3;8190;254;4294967294;80;9;30;20191024;090857;-0700;"";;dark
Caltrans;168;1;8190;124;4294967294;63;5;30;20191024;090857;-0700;"";;trafficResponsive
Caltrans;168;2;8190;254;4294967294;80;9;30;20191024;090857;-0700;"";;dark
Caltrans;167;1;8190;124;4294967294;63;5;30;20191024;090857;-0700;"";;trafficResponsive
Caltrans;167;2;8190;124;4294967294;106;8;0;20191024;090857;-0700;"";;fixedRate
Caltrans;167;3;8190;254;4294967294;80;9;30;20191024;090857;-0700;"";;dark
Caltrans;220;1;8190;124;4294967294;63;5;30;20191024;090857;-0700;"";;trafficResponsive
Caltrans;220;2;8190;254;4294967294;80;9;30;20191024;090857;-0700;"";;dark
Caltrans;180;1;8190;124;4294967294;63;5;30;20191024;090857;-0700;"";;trafficResponsive
Caltrans;180;2;8190;254;4294967294;80;9;30;20191024;090857;-0700;"";;dark
Caltrans;180;3;8190;124;4294967294;191;14;0;20191024;090857;-0700;"";PM_responsive_tables;trafficResponsive
Caltrans;180;4;8190;254;4294967294;208;19;0;20191024;090857;-0700;"";PM_responsive_tables;dark
Caltrans;221;1;8190;124;4294967294;63;5;30;20191024;090857;-0700;"";;trafficResponsive
Caltrans;221;2;8190;254;4294967294;80;9;30;20191024;090857;-0700;"";;dark
Caltrans;181;1;8190;124;4294967294;63;5;30;20191024;090857;-0700;"";;trafficResponsive
Caltrans;181;2;8190;254;4294967294;80;9;30;20191024;090857;-0700;"";;dark
Caltrans;181;3;8190;124;4294967294;191;15;0;20191024;090857;-0700;"";PM_responsive_tables;trafficResponsive
Caltrans;181;4;8190;254;4294967294;208;19;0;20191024;090857;-0700;"";PM_responsive_tables;dark
Caltrans;224;1;8190;124;4294967294;97;5;30;20191024;090857;-0700;"";;fixedRate
Caltrans;224;2;8190;124;4294967294;111;6;0;20191024;090857;-0700;"";;fixedRate
Caltrans;224;3;8190;124;4294967294;102;9;30;20191024;090857;-0700;"";;fixedRate
Caltrans;224;4;8190;124;4294967294;97;10;30;20191024;090857;-0700;"";;fixedRate
Caltrans;224;5;8190;254;4294967294;80;11;0;20191024;090857;-0700;"";;dark
Caltrans;224;6;8190;124;4294967294;238;14;0;20191024;090857;-0700;"";PM_responsive_tables;fixedRate
Caltrans;224;7;8190;124;4294967294;225;17;0;20191024;090857;-0700;"";PM_responsive_tables;fixedRate
Caltrans;224;8;8190;254;4294967294;208;19;0;20191024;090857;-0700;"";PM_responsive_tables;dark
Caltrans;11611;1;8190;124;4294967294;191;15;0;20191024;090858;-0700;"";PM_responsive_tables;trafficResponsive
Caltrans;11611;2;8190;254;4294967294;208;19;0;20191024;090858;-0700;"";PM_responsive_tables;dark
Caltrans;226;1;8190;124;4294967294;65;5;30;20191024;090857;-0700;"";;trafficResponsive
Caltrans;226;2;8190;254;4294967294;80;11;0;20191024;090857;-0700;"";;dark
Caltrans;226;3;8190;124;4294967294;193;14;0;20191024;090857;-0700;"";PM_responsive_tables;trafficResponsive
Caltrans;226;4;8190;254;4294967294;208;19;0;20191024;090857;-0700;"";PM_responsive_tables;dark
Caltrans;11610;1;8190;124;4294967294;191;15;0;20191024;090858;-0700;"";PM_responsive_tables;trafficResponsive
Caltrans;11610;2;8190;124;4294967294;225;15;1;20191024;090858;-0700;"";PM_responsive_tables;fixedRate
Caltrans;11610;3;8190;254;4294967294;208;19;0;20191024;090858;-0700;"";PM_responsive_tables;dark
Caltrans;225;1;8190;124;4294967294;225;15;0;20191024;090857;-0700;"";PM_responsive_tables;fixedRate
Caltrans;225;2;8190;124;4294967294;239;16;0;20191024;090857;-0700;"";PM_responsive_tables;fixedRate
Caltrans;225;3;8190;254;4294967294;208;19;0;20191024;090857;-0700;"";PM_responsive_tables;dark
Caltrans;228;1;8190;124;4294967294;239;15;0;20191024;090857;-0700;"";PM_responsive_tables;fixedRate
Caltrans;228;2;8190;254;4294967294;208;19;0;20191024;090857;-0700;"";PM_responsive_tables;dark
Caltrans;11612;1;8190;124;4294967294;191;15;0;20191024;090858;-0700;"";PM_responsive_tables;trafficResponsive
Caltrans;11612;2;8190;254;4294967294;80;19;0;20191024;090858;-0700;"";;dark
Caltrans;227;1;8190;124;4294967294;106;5;30;20191024;090857;-0700;"";;fixedRate
Caltrans;227;2;8190;124;4294967294;97;8;30;20191024;090857;-0700;"";;fixedRate
Caltrans;227;3;8190;254;4294967294;80;11;0;20191024;090857;-0700;"";;dark
Caltrans;227;4;8190;124;4294967294;180;14;0;20191024;090857;-0700;"";PM_responsive_tables;trafficResponsive
Caltrans;227;5;8190;124;4294967294;225;14;30;20191024;090857;-0700;"";PM_responsive_tables;fixedRate
Caltrans;227;6;8190;254;4294967294;208;19;0;20191024;090857;-0700;"";PM_responsive_tables;dark
Caltrans;229;1;8190;124;4294967294;191;15;0;20191024;090857;-0700;"";PM_responsive_tables;trafficResponsive
Caltrans;229;2;8190;254;4294967294;208;19;0;20191024;090857;-0700;"";PM_responsive_tables;dark
Caltrans;18004;1;8190;124;4294967294;191;15;0;20191024;090858;-0700;"";PM_responsive_tables;trafficResponsive
Caltrans;18004;2;8190;254;4294967294;208;19;0;20191024;090858;-0700;"";PM_responsive_tables;dark
Caltrans;64;1;8190;124;4294967294;191;15;0;20191024;090857;-0700;"";PM_responsive_tables;trafficResponsive
Caltrans;64;2;8190;254;4294967294;208;19;0;20191024;090857;-0700;"";PM_responsive_tables;dark
Caltrans;18003;1;8190;124;4294967294;63;5;30;20191024;090858;-0700;"";;trafficResponsive
Caltrans;18003;2;8190;254;4294967294;80;9;30;20191024;090858;-0700;"";;dark
Caltrans;190;1;8190;124;4294967294;63;5;30;20191024;090857;-0700;"";;trafficResponsive
Caltrans;190;2;8190;254;4294967294;80;9;30;20191024;090857;-0700;"";;dark
Caltrans;190;3;8190;124;4294967294;226;15;30;20191024;090857;-0700;"";PM_responsive_tables;fixedRate
Caltrans;190;4;8190;124;4294967294;234;16;30;20191024;090857;-0700;"";PM_responsive_tables;fixedRate
Caltrans;190;5;8190;124;4294967294;226;17;30;20191024;090857;-0700;"";PM_responsive_tables;fixedRate
Caltrans;190;6;8190;254;4294967294;208;18;30;20191024;090857;-0700;"";PM_responsive_tables;dark
Caltrans;66;1;8190;124;4294967294;99;5;30;20191024;090857;-0700;"";;fixedRate
Caltrans;66;2;8190;254;4294967294;80;9;30;20191024;090857;-0700;"";;dark
Caltrans;66;3;8190;124;4294967294;191;15;0;20191024;090857;-0700;"";PM_responsive_tables;trafficResponsive
Caltrans;66;4;8190;124;4294967294;226;15;1;20191024;090857;-0700;"";PM_responsive_tables;fixedRate
Caltrans;66;5;8190;254;4294967294;208;19;0;20191024;090857;-0700;"";PM_responsive_tables;dark
Caltrans;65;1;8190;124;4294967294;191;15;0;20191024;090857;-0700;"";PM_responsive_tables;trafficResponsive
Caltrans;65;2;8190;254;4294967294;208;19;0;20191024;090857;-0700;"";PM_responsive_tables;dark
Caltrans;18009;1;8190;124;4294967294;63;5;30;20191024;090858;-0700;"";;trafficResponsive
Caltrans;18009;2;8190;254;4294967294;80;9;30;20191024;090858;-0700;"";;dark
Caltrans;10903;1;8190;124;4294967294;63;5;30;20191024;090858;-0700;"";;trafficResponsive
Caltrans;10903;2;8190;254;4294967294;80;9;30;20191024;090858;-0700;"";;dark
Caltrans;179;1;8190;124;4294967294;98;5;30;20191024;090857;-0700;"";;fixedRate
Caltrans;179;2;8190;254;4294967294;80;9;30;20191024;090857;-0700;"";;dark
Caltrans;179;3;8190;124;4294967294;226;15;0;20191024;090857;-0700;"";PM_responsive_tables;fixedRate
Caltrans;179;4;8190;254;4294967294;208;19;0;20191024;090857;-0700;"";PM_responsive_tables;dark
Caltrans;11503;1;8190;124;4294967294;191;15;0;20191024;090858;-0700;"";PM_responsive_tables;trafficResponsive
Caltrans;11503;2;8190;254;4294967294;208;19;0;20191024;090858;-0700;"";PM_responsive_tables;dark
Caltrans;11502;1;8190;124;4294967294;191;15;0;20191024;090858;-0700;"";PM_responsive_tables;trafficResponsive
Caltrans;11502;2;8190;254;4294967294;208;19;0;20191024;090858;-0700;"";PM_responsive_tables;dark
Caltrans;12211;1;8190;124;4294967294;63;5;30;20191024;090858;-0700;"";;trafficResponsive
Caltrans;12211;2;8190;254;4294967294;80;11;0;20191024;090858;-0700;"";;dark
Caltrans;358;1;8190;124;4294967294;228;15;0;20191024;090857;-0700;"";PM_responsive_tables;fixedRate
Caltrans;358;2;8190;124;4294967294;225;18;0;20191024;090857;-0700;"";PM_responsive_tables;fixedRate
Caltrans;358;3;8190;254;4294967294;208;19;0;20191024;090857;-0700;"";PM_responsive_tables;dark
Caltrans;11501;1;8190;124;4294967294;191;15;0;20191024;090858;-0700;"";PM_responsive_tables;trafficResponsive
Caltrans;11501;2;8190;124;4294967294;177;15;1;20191024;090858;-0700;"";PM_responsive_tables;trafficResponsive
Caltrans;11501;3;8190;254;4294967294;208;19;0;20191024;090858;-0700;"";PM_responsive_tables;dark
Caltrans;12212;1;8190;124;4294967294;191;15;0;20191024;090858;-0700;"";PM_responsive_tables;trafficResponsive
Caltrans;12212;2;8190;254;4294967294;208;19;0;20191024;090858;-0700;"";PM_responsive_tables;dark
Caltrans;357;1;8190;124;4294967294;225;15;0;20191024;090857;-0700;"";PM_responsive_tables;fixedRate
Caltrans;357;2;8190;254;4294967294;208;19;0;20191024;090857;-0700;"";PM_responsive_tables;dark
Caltrans;356;1;8190;124;4294967294;191;15;0;20191024;090857;-0700;"";PM_responsive_tables;trafficResponsive
Caltrans;356;2;8190;124;4294967294;234;15;1;20191024;090857;-0700;"";PM_responsive_tables;fixedRate
Caltrans;356;3;8190;124;4294967294;238;15;30;20191024;090857;-0700;"";PM_responsive_tables;fixedRate
Caltrans;356;4;8190;124;4294967294;232;17;30;20191024;090857;-0700;"";PM_responsive_tables;fixedRate
Caltrans;356;5;8190;124;4294967294;227;18;0;20191024;090857;-0700;"";PM_responsive_tables;fixedRate
Caltrans;356;6;8190;254;4294967294;208;19;0;20191024;090857;-0700;"";PM_responsive_tables;dark
Caltrans;213;1;8190;124;4294967294;63;5;30;20191024;090857;-0700;"";;trafficResponsive
Caltrans;213;2;8190;254;4294967294;80;11;0;20191024;090857;-0700;"";;dark
Caltrans;213;3;8190;124;4294967294;191;14;0;20191024;090857;-0700;"";PM_responsive_tables;trafficResponsive
Caltrans;213;4;8190;254;4294967294;208;19;0;20191024;090857;-0700;"";PM_responsive_tables;dark
Caltrans;171;1;8190;124;4294967294;63;5;30;20191024;090857;-0700;"";;trafficResponsive
Caltrans;171;2;8190;254;4294967294;80;9;30;20191024;090857;-0700;"";;dark
Caltrans;10505;1;8190;124;4294967294;224;15;0;20191024;090857;-0700;"";PM_responsive_tables;dark
Caltrans;10505;2;8190;254;4294967294;208;19;0;20191024;090857;-0700;"";PM_responsive_tables;dark
Caltrans;212;1;8190;124;4294967294;191;15;0;20191024;090857;-0700;"";PM_responsive_tables;trafficResponsive
Caltrans;212;2;8190;254;4294967294;208;19;0;20191024;090857;-0700;"";PM_responsive_tables;dark
Caltrans;10106;1;8190;124;4294967294;63;5;30;20191024;090857;-0700;"";;trafficResponsive
Caltrans;10106;2;8190;254;4294967294;80;9;30;20191024;090857;-0700;"";;dark
Caltrans;211;1;8190;124;4294967294;63;5;30;20191024;090857;-0700;"";;trafficResponsive
Caltrans;211;2;8190;254;4294967294;80;9;30;20191024;090857;-0700;"";;dark
Caltrans;170;1;8190;124;4294967294;63;5;30;20191024;090857;-0700;"";;trafficResponsive
Caltrans;170;2;8190;124;4294967294;101;5;45;20191024;090857;-0700;"";;fixedRate
Caltrans;170;3;8190;124;4294967294;105;7;0;20191024;090857;-0700;"";;fixedRate
Caltrans;170;4;8190;124;4294967294;97;9;0;20191024;090857;-0700;"";;fixedRate
Caltrans;170;5;8190;254;4294967294;80;9;30;20191024;090857;-0700;"";;dark
Caltrans;10504;1;8190;124;4294967294;63;5;30;20191024;090857;-0700;"";;trafficResponsive
Caltrans;10504;2;8190;254;4294967294;80;9;30;20191024;090857;-0700;"";;dark
Caltrans;216;1;8190;124;4294967294;96;15;0;20191024;090857;-0700;"";;dark
Caltrans;216;2;8190;254;4294967294;208;19;0;20191024;090857;-0700;"";PM_responsive_tables;dark
Caltrans;214;1;8190;124;4294967294;225;15;0;20191024;090857;-0700;"";PM_responsive_tables;fixedRate
Caltrans;214;2;8190;124;4294967294;238;16;0;20191024;090857;-0700;"";PM_responsive_tables;fixedRate
Caltrans;214;3;8190;124;4294967294;225;18;0;20191024;090857;-0700;"";PM_responsive_tables;fixedRate
Caltrans;214;4;8190;254;4294967294;208;19;0;20191024;090857;-0700;"";PM_responsive_tables;dark
Caltrans;11605;1;8190;124;4294967294;191;15;0;20191024;090858;-0700;"";PM_responsive_tables;trafficResponsive
Caltrans;11605;2;8190;254;4294967294;208;19;0;20191024;090858;-0700;"";PM_responsive_tables;dark
Caltrans;11606;1;8190;124;4294967294;191;15;0;20191025;084014;-0700;"";PM_responsive_tables;trafficResponsive
Caltrans;11606;2;8190;254;4294967294;208;19;0;20191025;084014;-0700;"";PM_responsive_tables;dark
Caltrans;218;1;8190;124;4294967294;191;15;0;20191024;090857;-0700;"";PM_responsive_tables;trafficResponsive
Caltrans;218;2;8190;124;4294967294;226;15;1;20191024;090857;-0700;"";PM_responsive_tables;fixedRate
Caltrans;218;3;8190;124;4294967294;208;18;30;20191024;090857;-0700;"";PM_responsive_tables;dark
Caltrans;218;4;8190;254;4294967294;208;19;0;20191024;090857;-0700;"";PM_responsive_tables;dark
Caltrans;11603;1;8190;124;4294967294;191;15;0;20191024;090858;-0700;"";PM_responsive_tables;trafficResponsive
Caltrans;11603;2;8190;254;4294967294;208;19;0;20191024;090858;-0700;"";PM_responsive_tables;dark
Caltrans;11604;1;8190;124;4294967294;191;15;0;20191024;090858;-0700;"";PM_responsive_tables;trafficResponsive
Caltrans;11604;2;8190;254;4294967294;208;19;0;20191024;090858;-0700;"";PM_responsive_tables;dark
Caltrans;10502;1;8190;124;4294967294;191;15;0;20191024;090857;-0700;"";PM_responsive_tables;trafficResponsive
Caltrans;10502;2;8190;254;4294967294;208;19;0;20191024;090857;-0700;"";PM_responsive_tables;dark
Caltrans;10109;1;8190;124;4294967294;185;15;0;20191024;090857;-0700;"";PM_responsive_tables;trafficResponsive
Caltrans;10109;2;8190;254;4294967294;208;19;0;20191024;090857;-0700;"";PM_responsive_tables;dark
Caltrans;10107;1;8190;124;4294967294;226;15;0;20191024;090857;-0700;"";PM_responsive_tables;fixedRate
Caltrans;10107;2;8190;124;4294967294;191;15;10;20191024;090857;-0700;"";PM_responsive_tables;trafficResponsive
Caltrans;10107;3;8190;254;4294967294;208;19;0;20191024;090857;-0700;"";PM_responsive_tables;dark
Caltrans;57;1;8190;124;4294967294;63;5;30;20191024;090857;-0700;"";;trafficResponsive
Caltrans;57;2;8190;254;4294967294;80;8;30;20191024;090857;-0700;"";;dark
Caltrans;11508;1;8190;124;4294967294;191;15;0;20191024;090858;-0700;"";PM_responsive_tables;trafficResponsive
Caltrans;11508;2;8190;254;4294967294;208;19;0;20191024;090858;-0700;"";PM_responsive_tables;dark
Caltrans;56;1;8190;124;4294967294;63;5;30;20191024;090857;-0700;"";;trafficResponsive
Caltrans;56;2;8190;254;4294967294;80;9;30;20191024;090857;-0700;"";;dark
Caltrans;11507;1;8190;124;4294967294;191;15;0;20191024;090858;-0700;"";PM_responsive_tables;trafficResponsive
Caltrans;11507;2;8190;254;4294967294;208;19;0;20191024;090858;-0700;"";PM_responsive_tables;dark
Caltrans;11504;1;8190;124;4294967294;191;15;0;20191024;090858;-0700;"";PM_responsive_tables;trafficResponsive
Caltrans;11504;2;8190;254;4294967294;208;19;0;20191024;090858;-0700;"";PM_responsive_tables;dark
Caltrans;240;1;8190;124;4294967294;63;5;30;20191024;090857;-0700;"";;trafficResponsive
Caltrans;240;2;8190;254;4294967294;80;9;30;20191024;090857;-0700;"";;dark
Caltrans;16307;1;8190;124;4294967294;185;15;0;20191024;090858;-0700;"";PM_responsive_tables;trafficResponsive
Caltrans;16307;2;8190;254;4294967294;208;19;0;20191024;090858;-0700;"";PM_responsive_tables;dark
Caltrans;242;1;8190;124;4294967294;63;5;30;20191024;090857;-0700;"";;trafficResponsive
Caltrans;242;2;8190;254;4294967294;80;9;30;20191024;090857;-0700;"";;dark
Caltrans;242;3;8190;124;4294967294;191;15;0;20191024;090857;-0700;"";PM_responsive_tables;trafficResponsive
Caltrans;242;4;8190;254;4294967294;208;19;0;20191024;090857;-0700;"";PM_responsive_tables;dark
Caltrans;241;1;8190;124;4294967294;63;5;30;20191024;090857;-0700;"";;trafficResponsive
Caltrans;241;2;8190;254;4294967294;80;9;30;20191024;090857;-0700;"";;dark
Caltrans;241;3;8190;124;4294967294;191;15;0;20191024;090857;-0700;"";PM_responsive_tables;trafficResponsive
Caltrans;241;4;8190;254;4294967294;208;19;0;20191024;090857;-0700;"";PM_responsive_tables;dark
Caltrans;16201;1;8190;124;4294967294;63;5;30;20191024;090858;-0700;"";;trafficResponsive
Caltrans;16201;2;8190;254;4294967294;80;9;30;20191024;090858;-0700;"";;dark
Caltrans;16201;3;8190;124;4294967294;191;15;0;20191024;090858;-0700;"";PM_responsive_tables;trafficResponsive
Caltrans;16201;4;8190;254;4294967294;208;19;0;20191024;090858;-0700;"";PM_responsive_tables;dark
Caltrans;16303;1;8190;124;4294967294;191;15;0;20191024;090858;-0700;"";PM_responsive_tables;trafficResponsive
Caltrans;16303;2;8190;254;4294967294;208;19;0;20191024;090858;-0700;"";PM_responsive_tables;dark
Caltrans;16203;1;8190;124;4294967294;191;15;0;20191024;090858;-0700;"";PM_responsive_tables;trafficResponsive
Caltrans;16203;2;8190;254;4294967294;208;19;0;20191024;090858;-0700;"";PM_responsive_tables;dark
Caltrans;16205;1;8190;124;4294967294;191;15;0;20191024;090858;-0700;"";PM_responsive_tables;trafficResponsive
Caltrans;16205;2;8190;254;4294967294;208;19;0;20191024;090858;-0700;"";PM_responsive_tables;dark
Caltrans;248;1;8190;124;4294967294;97;5;30;20191024;090857;-0700;"";;fixedRate
Caltrans;248;2;8190;124;4294967294;106;6;30;20191024;090857;-0700;"";;fixedRate
Caltrans;248;3;8190;254;4294967294;80;11;0;20191024;090857;-0700;"";;dark
Caltrans;248;4;8190;124;4294967294;227;14;0;20191024;090857;-0700;"";PM_responsive_tables;fixedRate
Caltrans;248;5;8190;124;4294967294;231;15;0;20191024;090857;-0700;"";PM_responsive_tables;fixedRate
Caltrans;248;6;8190;124;4294967294;227;16;30;20191024;090857;-0700;"";PM_responsive_tables;fixedRate
Caltrans;248;7;8190;254;4294967294;208;19;0;20191024;090857;-0700;"";PM_responsive_tables;dark
Caltrans;249;1;8190;124;4294967294;97;5;30;20191024;090857;-0700;"";;fixedRate
Caltrans;249;2;8190;124;4294967294;106;6;0;20191024;090857;-0700;"";;fixedRate
Caltrans;249;3;8190;254;4294967294;80;11;0;20191024;090857;-0700;"";;dark
Caltrans;249;4;8190;124;4294967294;225;14;0;20191024;090857;-0700;"";PM_responsive_tables;fixedRate
Caltrans;249;5;8190;124;4294967294;231;15;0;20191024;090857;-0700;"";PM_responsive_tables;fixedRate
Caltrans;249;6;8190;124;4294967294;225;18;0;20191024;090857;-0700;"";PM_responsive_tables;fixedRate
Caltrans;249;7;8190;254;4294967294;208;19;0;20191024;090857;-0700;"";PM_responsive_tables;dark
Caltrans;243;1;8190;124;4294967294;63;5;30;20191024;090857;-0700;"";;trafficResponsive
Caltrans;243;2;8190;254;4294967294;80;9;30;20191024;090857;-0700;"";;dark
Caltrans;246;1;8190;124;4294967294;191;15;0;20191024;090857;-0700;"";PM_responsive_tables;trafficResponsive
Caltrans;246;2;8190;254;4294967294;208;19;0;20191024;090857;-0700;"";PM_responsive_tables;dark
Caltrans;341;1;8190;124;4294967294;191;15;0;20191024;090857;-0700;"";PM_responsive_tables;trafficResponsive
Caltrans;341;2;8190;254;4294967294;208;19;0;20191024;090857;-0700;"";PM_responsive_tables;dark
Caltrans;340;1;8190;124;4294967294;63;5;30;20191024;090857;-0700;"";;trafficResponsive
Caltrans;340;2;8190;254;4294967294;80;11;0;20191024;090857;-0700;"";;dark
Caltrans;340;3;8190;124;4294967294;191;14;0;20191024;090857;-0700;"";PM_responsive_tables;trafficResponsive
Caltrans;340;4;8190;254;4294967294;208;19;0;20191024;090857;-0700;"";PM_responsive_tables;dark
Caltrans;11107;1;8190;124;4294967294;191;15;0;20191024;090858;-0700;"";PM_responsive_tables;trafficResponsive
Caltrans;11107;2;8190;254;4294967294;208;19;0;20191024;090858;-0700;"";PM_responsive_tables;dark
Caltrans;11105;1;8190;124;4294967294;191;15;0;20191024;090858;-0700;"";PM_responsive_tables;trafficResponsive
Caltrans;11105;2;8190;254;4294967294;208;19;0;20191024;090858;-0700;"";PM_responsive_tables;dark
Caltrans;13112;1;8190;124;4294967294;49;5;30;20191024;090858;-0700;"01/01;01/20;02/17;05/26;07/04;09/01;11/11;11/27;11/28;12/25;";;trafficResponsive
Caltrans;13112;2;8190;254;4294967294;80;11;0;20191024;090858;-0700;"01/01;01/20;02/17;05/26;07/04;09/01;11/11;11/27;11/28;12/25;";;dark
Caltrans;13112;3;8190;60;4294967294;177;14;0;20191024;090858;-0700;"01/01;01/20;02/17;05/26;07/04;09/01;11/11;11/27;11/28;12/25;";PM_responsive_tables;trafficResponsive
Caltrans;13112;4;8190;254;4294967294;208;17;0;20191024;090858;-0700;"01/01;01/20;02/17;05/26;07/04;09/01;11/11;11/27;11/28;12/25;";PM_responsive_tables;dark
Caltrans;13112;5;8190;254;4294967294;208;19;0;20191024;090858;-0700;"01/01;01/20;02/17;05/26;07/04;09/01;11/11;11/27;11/28;12/25;";PM_responsive_tables;dark
Caltrans;13113;1;8190;124;4294967294;58;5;30;20191024;090858;-0700;"";;trafficResponsive
Caltrans;13113;2;8190;254;4294967294;80;11;0;20191024;090858;-0700;"";;dark
Caltrans;13113;3;8190;124;4294967294;186;14;0;20191024;090858;-0700;"";PM_responsive_tables;trafficResponsive
Caltrans;13113;4;8190;254;4294967294;208;19;0;20191024;090858;-0700;"";PM_responsive_tables;dark
Caltrans;11205;1;8190;124;4294967294;63;5;30;20191024;090858;-0700;"";;trafficResponsive
Caltrans;11205;2;8190;254;4294967294;80;9;30;20191024;090858;-0700;"";;dark
Caltrans;88;1;8190;124;4294967294;63;5;30;20191024;090857;-0700;"";;trafficResponsive
Caltrans;88;2;8190;254;4294967294;80;9;30;20191024;090857;-0700;"";;dark
Caltrans;11203;1;8190;124;4294967294;191;15;0;20191024;090858;-0700;"";PM_responsive_tables;trafficResponsive
Caltrans;11203;2;8190;254;4294967294;208;19;0;20191024;090858;-0700;"";PM_responsive_tables;dark
Caltrans;87;1;8190;124;4294967294;63;5;30;20191024;090857;-0700;"";;trafficResponsive
Caltrans;87;2;8190;254;4294967294;80;9;30;20191024;090857;-0700;"";;dark
Caltrans;230;1;8190;124;4294967294;63;5;30;20191024;090857;-0700;"";;trafficResponsive
Caltrans;230;2;8190;254;4294967294;80;9;30;20191024;090857;-0700;"";;dark
Caltrans;199;1;8190;124;4294967294;63;5;30;20191024;090857;-0700;"";;trafficResponsive
Caltrans;199;2;8190;254;4294967294;80;9;30;20191024;090857;-0700;"";;dark
Caltrans;199;3;8190;124;4294967294;191;14;0;20191024;090857;-0700;"";PM_responsive_tables;trafficResponsive
Caltrans;199;4;8190;254;4294967294;208;19;0;20191024;090857;-0700;"";PM_responsive_tables;dark
Caltrans;197;1;8190;124;4294967294;63;5;30;20191024;090857;-0700;"";;trafficResponsive
Caltrans;197;2;8190;254;4294967294;80;9;30;20191024;090857;-0700;"";;dark
Caltrans;197;3;8190;124;4294967294;191;14;0;20191024;090857;-0700;"";PM_responsive_tables;trafficResponsive
Caltrans;197;4;8190;254;4294967294;208;19;0;20191024;090857;-0700;"";PM_responsive_tables;dark
Caltrans;239;1;8190;124;4294967294;63;5;30;20191024;090857;-0700;"";;trafficResponsive
Caltrans;239;2;8190;254;4294967294;80;9;30;20191024;090857;-0700;"";;dark
Caltrans;198;1;8190;124;4294967294;63;5;30;20191024;090857;-0700;"";;trafficResponsive
Caltrans;198;2;8190;254;4294967294;80;9;30;20191024;090857;-0700;"";;dark
Caltrans;198;3;8190;124;4294967294;191;14;0;20191024;090857;-0700;"";PM_responsive_tables;trafficResponsive
Caltrans;198;4;8190;254;4294967294;208;19;0;20191024;090857;-0700;"";PM_responsive_tables;dark
Caltrans;195;1;8190;124;4294967294;63;5;30;20191024;090857;-0700;"";;trafficResponsive
Caltrans;195;2;8190;254;4294967294;80;9;30;20191024;090857;-0700;"";;dark
Caltrans;195;3;8190;124;4294967294;191;15;0;20191024;090857;-0700;"";PM_responsive_tables;trafficResponsive
Caltrans;195;4;8190;254;4294967294;208;19;0;20191024;090857;-0700;"";PM_responsive_tables;dark
Caltrans;196;1;8190;124;4294967294;63;5;30;20191024;090857;-0700;"";;trafficResponsive
Caltrans;196;2;8190;254;4294967294;80;9;30;20191024;090857;-0700;"";;dark
Caltrans;196;3;8190;124;4294967294;191;15;0;20191024;090857;-0700;"";PM_responsive_tables;trafficResponsive
Caltrans;196;4;8190;254;4294967294;208;19;0;20191024;090857;-0700;"";PM_responsive_tables;dark
Caltrans;236;1;8190;124;4294967294;63;5;30;20191024;090857;-0700;"";;trafficResponsive
Caltrans;236;2;8190;254;4294967294;80;9;30;20191024;090857;-0700;"";;dark
Caltrans;236;3;8190;124;4294967294;191;14;0;20191024;090857;-0700;"";PM_responsive_tables;trafficResponsive
Caltrans;236;4;8190;124;4294967294;208;18;45;20191024;090857;-0700;"";PM_responsive_tables;dark
Caltrans;193;1;8190;124;4294967294;63;5;30;20191024;090857;-0700;"";;trafficResponsive
Caltrans;193;2;8190;254;4294967294;80;9;30;20191024;090857;-0700;"";;dark
Caltrans;193;3;8190;124;4294967294;191;15;0;20191024;090857;-0700;"";PM_responsive_tables;trafficResponsive
Caltrans;193;4;8190;254;4294967294;208;19;0;20191024;090857;-0700;"";PM_responsive_tables;dark
Caltrans;235;1;8190;124;4294967294;97;5;30;20191024;090857;-0700;"";;fixedRate
Caltrans;235;2;8190;254;4294967294;80;9;30;20191024;090857;-0700;"";;dark
Caltrans;235;3;8190;124;4294967294;225;15;0;20191024;090857;-0700;"";PM_responsive_tables;fixedRate
Caltrans;235;4;8190;254;4294967294;208;19;0;20191024;090857;-0700;"";PM_responsive_tables;dark
Caltrans;194;1;8190;124;4294967294;63;5;30;20191024;090857;-0700;"";;trafficResponsive
Caltrans;194;2;8190;254;4294967294;80;9;30;20191024;090857;-0700;"";;dark
Caltrans;194;3;8190;124;4294967294;191;15;0;20191024;090857;-0700;"";PM_responsive_tables;trafficResponsive
Caltrans;194;4;8190;254;4294967294;208;19;0;20191024;090857;-0700;"";PM_responsive_tables;dark
Caltrans;234;1;8190;124;4294967294;63;5;30;20191024;090857;-0700;"";;trafficResponsive
Caltrans;234;2;8190;254;4294967294;80;9;30;20191024;090857;-0700;"";;dark
Caltrans;234;3;8190;124;4294967294;191;14;0;20191024;090857;-0700;"";PM_responsive_tables;trafficResponsive
Caltrans;234;4;8190;254;4294967294;208;19;0;20191024;090857;-0700;"";PM_responsive_tables;dark
Caltrans;191;1;8190;124;4294967294;63;5;30;20191024;090857;-0700;"";;trafficResponsive
Caltrans;191;2;8190;254;4294967294;80;9;30;20191024;090857;-0700;"";;dark
Caltrans;191;3;8190;124;4294967294;226;15;30;20191024;090857;-0700;"";PM_responsive_tables;fixedRate
Caltrans;191;4;8190;124;4294967294;234;16;30;20191024;090857;-0700;"";PM_responsive_tables;fixedRate
Caltrans;191;5;8190;124;4294967294;226;17;30;20191024;090857;-0700;"";PM_responsive_tables;fixedRate
Caltrans;191;6;8190;254;4294967294;208;18;30;20191024;090857;-0700;"";PM_responsive_tables;dark
Caltrans;233;1;8190;124;4294967294;63;5;30;20191024;090857;-0700;"";;trafficResponsive
Caltrans;233;2;8190;254;4294967294;80;9;30;20191024;090857;-0700;"";;dark
Caltrans;233;3;8190;124;4294967294;191;15;0;20191024;090857;-0700;"";PM_responsive_tables;trafficResponsive
Caltrans;233;4;8190;254;4294967294;208;19;0;20191024;090857;-0700;"";PM_responsive_tables;dark
Caltrans;192;1;8190;124;4294967294;63;5;30;20191024;090857;-0700;"";;trafficResponsive
Caltrans;192;2;8190;254;4294967294;80;9;30;20191024;090857;-0700;"";;dark
Caltrans;192;3;8190;124;4294967294;191;15;0;20191024;090857;-0700;"";PM_responsive_tables;trafficResponsive
Caltrans;192;4;8190;254;4294967294;208;19;0;20191024;090857;-0700;"";PM_responsive_tables;dark
Caltrans;73;1;8190;124;4294967294;234;14;30;20191024;090857;-0700;"";PM_responsive_tables;fixedRate
Caltrans;73;2;8190;254;4294967294;208;19;0;20191024;090857;-0700;"";PM_responsive_tables;dark
Caltrans;72;1;8190;124;4294967294;191;14;30;20191024;090857;-0700;"";PM_responsive_tables;trafficResponsive
Caltrans;72;2;8190;254;4294967294;208;19;0;20191024;090857;-0700;"";PM_responsive_tables;dark
Caltrans;18012;1;8190;124;4294967294;177;15;0;20191024;090858;-0700;"";PM_responsive_tables;trafficResponsive
Caltrans;18012;2;8190;254;4294967294;208;19;0;20191024;090858;-0700;"";PM_responsive_tables;dark
Caltrans;71;1;8190;124;4294967294;235;14;30;20191024;090857;-0700;"";PM_responsive_tables;fixedRate
Caltrans;71;2;8190;124;4294967294;231;18;30;20191024;090857;-0700;"";PM_responsive_tables;fixedRate
Caltrans;71;3;8190;254;4294967294;208;19;0;20191024;090857;-0700;"";PM_responsive_tables;dark
Caltrans;13105;1;8190;124;4294967294;49;5;30;20191024;090858;-0700;"";;trafficResponsive
Caltrans;13105;2;8190;254;4294967294;80;11;0;20191024;090858;-0700;"";;dark
Caltrans;13105;3;8190;124;4294967294;177;14;0;20191024;090858;-0700;"";PM_responsive_tables;trafficResponsive
Caltrans;13105;4;8190;254;4294967294;208;19;0;20191024;090858;-0700;"";PM_responsive_tables;dark
Caltrans;13103;1;8190;124;4294967294;191;15;0;20191024;090858;-0700;"";PM_responsive_tables;trafficResponsive
Caltrans;13103;2;8190;254;4294967294;208;19;0;20191024;090858;-0700;"";PM_responsive_tables;dark
Caltrans;77;1;8190;124;4294967294;63;5;30;20191024;090857;-0700;"";;trafficResponsive
Caltrans;77;2;8190;254;4294967294;80;9;30;20191024;090857;-0700;"";;dark
Caltrans;13106;1;8190;124;4294967294;63;5;30;20191024;090858;-0700;"";;trafficResponsive
Caltrans;13106;2;8190;254;4294967294;80;11;0;20191024;090858;-0700;"";;dark
Caltrans;13106;3;8190;124;4294967294;191;14;0;20191024;090858;-0700;"";PM_responsive_tables;trafficResponsive
Caltrans;13106;4;8190;254;4294967294;208;19;0;20191024;090858;-0700;"";PM_responsive_tables;dark
Caltrans;78;1;8190;124;4294967294;63;5;30;20191024;090857;-0700;"";;trafficResponsive
Caltrans;78;2;8190;254;4294967294;80;9;30;20191024;090857;-0700;"";;dark
Caltrans;267;1;8190;124;4294967294;54;5;30;20191024;090857;-0700;"";;trafficResponsive
Caltrans;267;2;8190;124;4294967294;60;6;0;20191024;090857;-0700;"";;trafficResponsive
Caltrans;267;3;8190;254;4294967294;80;9;30;20191024;090857;-0700;"";;dark
Caltrans;18406;1;8190;124;4294967294;59;5;30;20191024;090858;-0700;"";;trafficResponsive
Caltrans;18406;2;8190;254;4294967294;80;9;30;20191024;090858;-0700;"";;dark
Caltrans;15101;1;8190;124;4294967294;63;5;30;20191024;090858;-0700;"";;trafficResponsive
Caltrans;15101;2;8190;254;4294967294;80;9;30;20191024;090858;-0700;"";;dark
Caltrans;12510;1;8190;124;4294967294;191;14;0;20191024;090858;-0700;"";PM_responsive_tables;trafficResponsive
Caltrans;12510;2;8190;254;4294967294;208;19;0;20191024;090858;-0700;"";PM_responsive_tables;dark
Caltrans;13805;1;8190;124;4294967294;63;5;30;20191024;090858;-0700;"";;trafficResponsive
Caltrans;13805;2;8190;254;4294967294;80;9;30;20191024;090858;-0700;"";;dark
Caltrans;23;1;8190;124;4294967294;51;5;30;20191024;090857;-0700;"";;trafficResponsive
Caltrans;23;2;8190;254;4294967294;80;9;30;20191024;090857;-0700;"";;dark
Caltrans;24;1;8190;124;4294967294;63;5;30;20191024;090857;-0700;"";;trafficResponsive
Caltrans;24;2;8190;254;4294967294;80;9;30;20191024;090857;-0700;"";;dark
Caltrans;24;3;8190;124;4294967294;191;14;0;20191024;090857;-0700;"";PM_responsive_tables;trafficResponsive
Caltrans;24;4;8190;254;4294967294;208;19;0;20191024;090857;-0700;"";PM_responsive_tables;dark
Caltrans;21;1;8190;124;4294967294;63;5;30;20191024;090857;-0700;"";;trafficResponsive
Caltrans;21;2;8190;254;4294967294;80;9;30;20191024;090857;-0700;"";;dark
Caltrans;13804;1;8190;124;4294967294;63;5;30;20191024;090858;-0700;"";;trafficResponsive
Caltrans;13804;2;8190;254;4294967294;80;9;30;20191024;090858;-0700;"";;dark
Caltrans;22;1;8190;124;4294967294;63;5;30;20191024;090857;-0700;"";;trafficResponsive
Caltrans;22;2;8190;254;4294967294;80;9;30;20191024;090857;-0700;"";;dark
Caltrans;13807;1;8190;124;4294967294;63;5;30;20191024;090858;-0700;"";;trafficResponsive
Caltrans;13807;2;8190;254;4294967294;80;9;30;20191024;090858;-0700;"";;dark
Caltrans;25;1;8190;124;4294967294;63;5;30;20191024;090857;-0700;"";;trafficResponsive
Caltrans;25;2;8190;254;4294967294;80;9;30;20191024;090857;-0700;"";;dark
Caltrans;13808;1;8190;254;4294967294;80;9;30;20191024;090858;-0700;"";;dark
Caltrans;26;1;8190;124;4294967294;63;5;30;20191024;090857;-0700;"";;trafficResponsive
Caltrans;26;2;8190;254;4294967294;80;9;30;20191024;090857;-0700;"";;dark
Caltrans;256;1;8190;124;4294967294;63;5;30;20191024;090857;-0700;"";;trafficResponsive
Caltrans;256;2;8190;254;4294967294;80;9;30;20191024;090857;-0700;"";;dark
Caltrans;15811;1;8190;124;4294967294;63;5;30;20191024;090858;-0700;"";;trafficResponsive
Caltrans;15811;2;8190;254;4294967294;80;9;30;20191024;090858;-0700;"";;dark
Caltrans;254;1;8190;124;4294967294;191;15;0;20191024;090857;-0700;"";PM_responsive_tables;trafficResponsive
Caltrans;254;2;8190;254;4294967294;208;19;0;20191024;090857;-0700;"";PM_responsive_tables;dark
Caltrans;393;1;8190;124;4294967294;178;15;0;20191024;090857;-0700;"";PM_responsive_tables;trafficResponsive
Caltrans;393;2;8190;254;4294967294;208;19;0;20191024;090857;-0700;"";PM_responsive_tables;dark
Caltrans;255;1;8190;124;4294967294;63;5;30;20191024;090857;-0700;"";;trafficResponsive
Caltrans;255;2;8190;254;4294967294;80;9;30;20191024;090857;-0700;"";;dark
Caltrans;15813;1;8190;124;4294967294;63;5;30;20191024;090858;-0700;"";;trafficResponsive
Caltrans;15813;2;8190;124;4294967294;99;6;0;20191024;090858;-0700;"";;fixedRate
Caltrans;15813;3;8190;124;4294967294;105;7;0;20191024;090858;-0700;"";;fixedRate
Caltrans;15813;4;8190;254;4294967294;80;9;30;20191024;090858;-0700;"";;dark
Caltrans;391;1;8190;124;4294967294;63;5;30;20191024;090857;-0700;"";;trafficResponsive
Caltrans;391;2;8190;254;4294967294;80;9;30;20191024;090857;-0700;"";;dark
Caltrans;15713;1;8190;124;4294967294;63;5;30;20191024;090858;-0700;"";;trafficResponsive
Caltrans;15713;2;8190;124;4294967294;97;6;0;20191024;090858;-0700;"";;fixedRate
Caltrans;15713;3;8190;124;4294967294;101;7;30;20191024;090858;-0700;"";;fixedRate
Caltrans;15713;4;8190;124;4294967294;97;8;30;20191024;090858;-0700;"";;fixedRate
Caltrans;15713;5;8190;124;4294967294;80;9;15;20191024;090858;-0700;"";;dark
Caltrans;15713;6;8190;124;4294967294;80;9;30;20191024;090858;-0700;"";;dark
Caltrans;18;1;8190;124;4294967294;97;6;30;20191024;090857;-0700;"";;fixedRate
Caltrans;18;2;8190;254;4294967294;80;9;0;20191024;090857;-0700;"";;dark
Caltrans;252;1;8190;124;4294967294;191;15;0;20191024;090857;-0700;"";PM_responsive_tables;trafficResponsive
Caltrans;252;2;8190;124;4294967294;208;19;0;20191024;090857;-0700;"";PM_responsive_tables;dark
Caltrans;253;1;8190;124;4294967294;191;15;0;20191024;090857;-0700;"";PM_responsive_tables;trafficResponsive
Caltrans;253;2;8190;254;4294967294;208;19;0;20191024;090857;-0700;"";PM_responsive_tables;dark
Caltrans;15712;1;8190;124;4294967294;56;5;30;20191024;090858;-0700;"";;trafficResponsive
Caltrans;15712;2;8190;254;4294967294;80;9;30;20191024;090858;-0700;"";;dark
Caltrans;250;1;8190;124;4294967294;96;5;30;20191024;090857;-0700;"";;dark
Caltrans;250;2;8190;124;4294967294;106;6;0;20191024;090857;-0700;"";;fixedRate
Caltrans;250;3;8190;124;4294967294;96;8;30;20191024;090857;-0700;"";;dark
Caltrans;250;4;8190;254;4294967294;80;9;30;20191024;090857;-0700;"";;dark
Caltrans;397;1;8190;124;4294967294;63;5;30;20191024;090857;-0700;"";;trafficResponsive
Caltrans;397;2;8190;254;4294967294;80;9;30;20191024;090857;-0700;"";;dark
Caltrans;397;3;8190;124;4294967294;191;15;30;20191024;090857;-0700;"";PM_responsive_tables;trafficResponsive
Caltrans;397;4;8190;254;4294967294;208;18;30;20191024;090857;-0700;"";PM_responsive_tables;dark
Caltrans;251;1;8190;124;4294967294;191;15;0;20191024;090857;-0700;"";PM_responsive_tables;trafficResponsive
Caltrans;251;2;8190;254;4294967294;208;19;0;20191024;090857;-0700;"";PM_responsive_tables;dark
Caltrans;398;1;8190;124;4294967294;63;5;30;20191024;090857;-0700;"";;trafficResponsive
Caltrans;398;2;8190;254;4294967294;80;9;30;20191024;090857;-0700;"";;dark
Caltrans;398;3;8190;124;4294967294;191;14;0;20191024;090857;-0700;"";PM_responsive_tables;trafficResponsive
Caltrans;398;4;8190;254;4294967294;208;19;0;20191024;090857;-0700;"";PM_responsive_tables;dark
Caltrans;10;1;8190;124;4294967294;63;5;30;20191024;090857;-0700;"";;trafficResponsive
Caltrans;10;2;8190;254;4294967294;80;9;30;20191024;090857;-0700;"";;dark
Caltrans;11;1;8190;124;4294967294;63;5;30;20191024;090857;-0700;"";;trafficResponsive
Caltrans;11;2;8190;254;4294967294;80;9;30;20191024;090857;-0700;"";;dark
Caltrans;12;1;8190;124;4294967294;63;5;30;20191024;090857;-0700;"";;trafficResponsive
Caltrans;12;2;8190;254;4294967294;80;9;30;20191024;090857;-0700;"";;dark
Caltrans;13;1;8190;124;4294967294;63;5;30;20191024;090857;-0700;"";;trafficResponsive
Caltrans;13;2;8190;254;4294967294;80;9;30;20191024;090857;-0700;"";;dark
Caltrans;14;1;8190;124;4294967294;63;5;30;20191024;090857;-0700;"";;trafficResponsive
Caltrans;14;2;8190;254;4294967294;80;9;30;20191024;090857;-0700;"";;dark
Caltrans;15;1;8190;124;4294967294;63;5;30;20191024;090857;-0700;"";;trafficResponsive
Caltrans;15;2;8190;254;4294967294;80;9;30;20191024;090857;-0700;"";;dark
Caltrans;16;1;8190;124;4294967294;63;5;30;20191024;090857;-0700;"";;trafficResponsive
Caltrans;16;2;8190;254;4294967294;80;9;30;20191024;090857;-0700;"";;dark
Caltrans;17;1;8190;124;4294967294;63;5;30;20191024;090857;-0700;"";;trafficResponsive
Caltrans;17;2;8190;254;4294967294;80;9;30;20191024;090857;-0700;"";;dark
Caltrans;381;1;8190;124;4294967294;63;5;30;20191024;090857;-0700;"";;trafficResponsive
Caltrans;381;2;8190;254;4294967294;80;9;0;20191024;090857;-0700;"";;dark
Caltrans;389;1;8190;124;4294967294;106;5;30;20191024;090857;-0700;"";;fixedRate
Caltrans;389;2;8190;254;4294967294;80;9;0;20191024;090857;-0700;"";;dark
Caltrans;12201;1;8190;124;4294967294;63;5;30;20191024;090858;-0700;"";;trafficResponsive
Caltrans;12201;2;8190;254;4294967294;80;9;30;20191024;090858;-0700;"";;dark
Caltrans;12201;3;8190;124;4294967294;191;15;0;20191024;090858;-0700;"";PM_responsive_tables;trafficResponsive
Caltrans;12201;4;8190;254;4294967294;208;19;0;20191024;090858;-0700;"";PM_responsive_tables;dark
Caltrans;15010;1;8190;124;4294967294;63;5;30;20191024;090858;-0700;"";;trafficResponsive
Caltrans;15010;2;8190;254;4294967294;80;9;30;20191024;090858;-0700;"";;dark
Caltrans;12202;1;8190;124;4294967294;191;15;0;20191024;090858;-0700;"";PM_responsive_tables;trafficResponsive
Caltrans;12202;2;8190;254;4294967294;208;19;0;20191024;090858;-0700;"";PM_responsive_tables;dark
Caltrans;12006;1;8190;124;4294967294;63;5;30;20191024;090858;-0700;"";;trafficResponsive
Caltrans;12006;2;8190;254;4294967294;80;9;30;20191024;090858;-0700;"";;dark
Caltrans;12006;3;8190;124;4294967294;191;15;0;20191024;090858;-0700;"";PM_responsive_tables;trafficResponsive
Caltrans;12006;4;8190;254;4294967294;208;19;0;20191024;090858;-0700;"";PM_responsive_tables;dark
Caltrans;49;1;8190;124;4294967294;191;15;0;20191024;090857;-0700;"";PM_responsive_tables;trafficResponsive
Caltrans;49;2;8190;254;4294967294;208;19;0;20191024;090857;-0700;"";PM_responsive_tables;dark
Caltrans;12007;1;8190;124;4294967294;63;5;30;20191024;090858;-0700;"";;trafficResponsive
Caltrans;12007;2;8190;254;4294967294;80;9;30;20191024;090858;-0700;"";;dark
Caltrans;12007;3;8190;124;4294967294;191;15;0;20191024;090858;-0700;"";PM_responsive_tables;trafficResponsive
Caltrans;12007;4;8190;254;4294967294;208;19;0;20191024;090858;-0700;"";PM_responsive_tables;dark
Caltrans;48;1;8190;124;4294967294;101;5;45;20191024;090857;-0700;"";;fixedRate
Caltrans;48;2;8190;254;4294967294;208;9;20;20191024;090857;-0700;"";PM_responsive_tables;dark
Caltrans;48;3;8190;124;4294967294;191;15;0;20191024;090857;-0700;"";PM_responsive_tables;trafficResponsive
Caltrans;48;4;8190;254;4294967294;208;18;30;20191024;090857;-0700;"";PM_responsive_tables;dark
Caltrans;12003;1;8190;124;4294967294;63;5;30;20191024;090858;-0700;"";;trafficResponsive
Caltrans;12003;2;8190;254;4294967294;80;9;30;20191024;090858;-0700;"";;dark
Caltrans;12003;3;8190;124;4294967294;191;15;0;20191024;090858;-0700;"";PM_responsive_tables;trafficResponsive
Caltrans;12003;4;8190;254;4294967294;208;19;0;20191024;090858;-0700;"";PM_responsive_tables;dark
Caltrans;12004;1;8190;124;4294967294;191;14;0;20191024;090858;-0700;"";PM_responsive_tables;trafficResponsive
Caltrans;12004;2;8190;254;4294967294;208;19;0;20191024;090858;-0700;"";PM_responsive_tables;dark
Caltrans;12005;1;8190;124;4294967294;191;14;0;20191024;090858;-0700;"";PM_responsive_tables;trafficResponsive
Caltrans;12005;2;8190;254;4294967294;208;19;0;20191024;090858;-0700;"";PM_responsive_tables;dark
Caltrans;40;1;8190;124;4294967294;191;15;0;20191024;122552;-0700;"";PM_responsive_tables;trafficResponsive
Caltrans;40;2;8190;254;4294967294;208;19;0;20191024;122552;-0700;"";PM_responsive_tables;dark
Caltrans;12107;1;8190;124;4294967294;191;15;0;20191024;090858;-0700;"";PM_responsive_tables;trafficResponsive
Caltrans;12107;2;8190;124;4294967294;224;15;1;20191024;090858;-0700;"";PM_responsive_tables;dark
Caltrans;12107;3;8190;124;4294967294;225;17;0;20191024;090858;-0700;"";PM_responsive_tables;fixedRate
Caltrans;12107;4;8190;124;4294967294;224;17;40;20191024;090858;-0700;"";PM_responsive_tables;dark
Caltrans;12107;5;8190;254;4294967294;208;19;0;20191024;090858;-0700;"";PM_responsive_tables;dark
Caltrans;12108;1;8190;124;4294967294;225;14;30;20191024;090858;-0700;"";PM_responsive_tables;fixedRate
Caltrans;12108;2;8190;124;4294967294;232;16;0;20191024;090858;-0700;"";PM_responsive_tables;fixedRate
Caltrans;12108;3;8190;124;4294967294;225;18;0;20191024;090858;-0700;"";PM_responsive_tables;fixedRate
Caltrans;12108;4;8190;124;4294967294;224;18;45;20191024;090858;-0700;"";PM_responsive_tables;dark
Caltrans;13007;1;8190;124;4294967294;63;5;30;20191024;090858;-0700;"";;trafficResponsive
Caltrans;13007;2;8190;254;4294967294;80;9;30;20191024;090858;-0700;"";;dark
Caltrans;13007;3;8190;124;4294967294;191;15;0;20191024;090858;-0700;"";PM_responsive_tables;trafficResponsive
Caltrans;13007;4;8190;254;4294967294;208;19;0;20191024;090858;-0700;"";PM_responsive_tables;dark
Caltrans;12608;1;8190;124;4294967294;191;14;0;20191024;090858;-0700;"";PM_responsive_tables;trafficResponsive
Caltrans;12608;2;8190;254;4294967294;208;19;0;20191024;090858;-0700;"";PM_responsive_tables;dark
Caltrans;12607;1;8190;124;4294967294;191;14;0;20191024;090858;-0700;"";PM_responsive_tables;trafficResponsive
Caltrans;12607;2;8190;254;4294967294;208;19;0;20191024;090858;-0700;"";PM_responsive_tables;dark
Caltrans;13006;1;8190;124;4294967294;63;5;30;20191024;090858;-0700;"";;trafficResponsive
Caltrans;13006;2;8190;254;4294967294;80;9;30;20191024;090858;-0700;"";;dark
Caltrans;13006;3;8190;124;4294967294;191;14;0;20191024;090858;-0700;"";PM_responsive_tables;trafficResponsive
Caltrans;13006;4;8190;124;4294967294;186;14;1;20191024;090858;-0700;"";PM_responsive_tables;trafficResponsive
Caltrans;13006;5;8190;254;4294967294;208;19;0;20191024;090858;-0700;"";PM_responsive_tables;dark
Caltrans;12606;1;8190;124;4294967294;63;5;30;20191024;090858;-0700;"";;trafficResponsive
Caltrans;12606;2;8190;254;4294967294;80;9;30;20191024;090858;-0700;"";;dark
Caltrans;12605;1;8190;124;4294967294;63;5;30;20191024;090858;-0700;"";;trafficResponsive
Caltrans;12605;2;8190;254;4294967294;80;9;30;20191024;090858;-0700;"";;dark
Caltrans;276;1;8190;124;4294967294;63;5;30;20191024;090857;-0700;"";;trafficResponsive
Caltrans;276;2;8190;254;4294967294;80;9;30;20191024;090857;-0700;"";;dark
Caltrans;276;3;8190;124;4294967294;191;14;0;20191024;090857;-0700;"";PM_responsive_tables;trafficResponsive
Caltrans;276;4;8190;254;4294967294;208;19;0;20191024;090857;-0700;"";PM_responsive_tables;dark
Caltrans;274;1;8190;124;4294967294;63;5;30;20191024;090857;-0700;"";;trafficResponsive
Caltrans;274;2;8190;254;4294967294;80;9;30;20191024;090857;-0700;"";;dark
Caltrans;274;3;8190;124;4294967294;191;14;0;20191024;090857;-0700;"";PM_responsive_tables;trafficResponsive
Caltrans;274;4;8190;254;4294967294;208;19;0;20191024;090857;-0700;"";PM_responsive_tables;dark
Caltrans;15001;1;8190;124;4294967294;63;5;30;20191024;090858;-0700;"";;trafficResponsive
Caltrans;15001;2;8190;254;4294967294;80;9;30;20191024;090858;-0700;"";;dark
Caltrans;275;1;8190;124;4294967294;58;5;30;20191024;090857;-0700;"";;trafficResponsive
Caltrans;275;2;8190;254;4294967294;80;9;30;20191024;090857;-0700;"";;dark
Caltrans;275;3;8190;124;4294967294;183;14;0;20191024;090857;-0700;"";PM_responsive_tables;trafficResponsive
Caltrans;275;4;8190;254;4294967294;208;19;0;20191024;090857;-0700;"";PM_responsive_tables;dark
Caltrans;12704;1;8190;124;4294967294;191;14;0;20191024;090858;-0700;"";PM_responsive_tables;trafficResponsive
Caltrans;12704;2;8190;254;4294967294;208;19;0;20191024;090858;-0700;"";PM_responsive_tables;dark
Caltrans;15003;1;8190;124;4294967294;63;5;30;20191024;090858;-0700;"";;trafficResponsive
Caltrans;15003;2;8190;254;4294967294;80;9;30;20191024;090858;-0700;"";;dark
Caltrans;12703;1;8190;124;4294967294;63;5;30;20191024;090858;-0700;"";;trafficResponsive
Caltrans;12703;2;8190;254;4294967294;80;9;30;20191024;090858;-0700;"";;dark
Caltrans;273;1;8190;124;4294967294;63;5;30;20191024;090857;-0700;"";;trafficResponsive
Caltrans;273;2;8190;254;4294967294;80;9;30;20191024;090857;-0700;"";;dark
Caltrans;273;3;8190;124;4294967294;191;14;0;20191024;090857;-0700;"";PM_responsive_tables;trafficResponsive
Caltrans;273;4;8190;254;4294967294;208;19;0;20191024;090857;-0700;"";PM_responsive_tables;dark
Caltrans;12504;1;8190;124;4294967294;191;14;0;20191024;090858;-0700;"";PM_responsive_tables;trafficResponsive
Caltrans;12504;2;8190;254;4294967294;208;19;0;20191024;090858;-0700;"";PM_responsive_tables;dark
Caltrans;9;1;8190;124;4294967294;63;5;30;20191024;090857;-0700;"";;trafficResponsive
Caltrans;9;2;8190;124;4294967294;99;8;0;20191024;090857;-0700;"";;fixedRate
Caltrans;9;3;8190;124;4294967294;96;8;30;20191024;090857;-0700;"";;dark
Caltrans;9;4;8190;254;4294967294;80;9;30;20191024;090857;-0700;"";;dark
Caltrans;270;1;8190;124;4294967294;63;5;30;20191024;090857;-0700;"";;trafficResponsive
Caltrans;270;2;8190;254;4294967294;80;9;30;20191024;090857;-0700;"";;dark
Caltrans;270;3;8190;124;4294967294;191;15;0;20191024;090857;-0700;"";PM_responsive_tables;trafficResponsive
Caltrans;270;4;8190;254;4294967294;208;19;0;20191024;090857;-0700;"";PM_responsive_tables;dark
Caltrans;12503;1;8190;124;4294967294;63;5;30;20191024;090858;-0700;"";;trafficResponsive
Caltrans;12503;2;8190;254;4294967294;80;9;30;20191024;090858;-0700;"";;dark
Caltrans;12503;3;8190;124;4294967294;191;15;0;20191024;090858;-0700;"";PM_responsive_tables;trafficResponsive
Caltrans;12503;4;8190;254;4294967294;208;19;0;20191024;090858;-0700;"";PM_responsive_tables;dark
Caltrans;271;1;8190;124;4294967294;63;5;30;20191024;090857;-0700;"";;trafficResponsive
Caltrans;271;2;8190;254;4294967294;80;9;30;20191024;090857;-0700;"";;dark
Caltrans;271;3;8190;124;4294967294;191;15;0;20191024;090857;-0700;"";PM_responsive_tables;trafficResponsive
Caltrans;271;4;8190;254;4294967294;208;19;0;20191024;090857;-0700;"";PM_responsive_tables;dark
Caltrans;36;1;8190;124;4294967294;63;5;30;20191024;090857;-0700;"";;trafficResponsive
Caltrans;36;2;8190;254;4294967294;80;9;30;20191024;090857;-0700;"";;dark
Caltrans;37;1;8190;124;4294967294;63;5;30;20191024;090857;-0700;"";;trafficResponsive
Caltrans;37;2;8190;254;4294967294;80;8;30;20191024;090857;-0700;"";;dark
Caltrans;38;1;8190;124;4294967294;63;5;30;20191024;093423;-0700;"";;trafficResponsive
Caltrans;38;2;8190;254;4294967294;80;9;30;20191024;093423;-0700;"";;dark
Caltrans;39;1;8190;124;4294967294;63;5;30;20191024;090857;-0700;"";;trafficResponsive
Caltrans;39;2;8190;254;4294967294;80;9;30;20191024;090857;-0700;"";;dark
Caltrans;32;1;8190;124;4294967294;99;5;30;20191024;090857;-0700;"";;fixedRate
Caltrans;32;2;8190;254;4294967294;80;8;45;20191024;090857;-0700;"";;dark
Caltrans;33;1;8190;124;4294967294;63;5;30;20191024;090857;-0700;"";;trafficResponsive
Caltrans;33;2;8190;124;4294967294;97;5;31;20191024;090857;-0700;"";;fixedRate
Caltrans;33;3;8190;254;4294967294;80;9;30;20191024;090857;-0700;"";;dark
Caltrans;12509;1;8190;124;4294967294;63;5;30;20191024;090858;-0700;"";;trafficResponsive
Caltrans;12509;2;8190;254;4294967294;80;9;30;20191024;090858;-0700;"";;dark
Caltrans;34;1;8190;56;4294967294;49;5;30;20191024;090857;-0700;"";;trafficResponsive
Caltrans;34;2;8190;254;4294967294;80;7;45;20191024;090857;-0700;"";;dark
Caltrans;34;3;8190;254;4294967294;80;8;15;20191024;090857;-0700;"";;dark
Caltrans;35;1;8190;124;4294967294;63;5;30;20191024;090857;-0700;"";;trafficResponsive
Caltrans;35;2;8190;254;4294967294;80;9;30;20191024;090857;-0700;"";;dark
Caltrans;12602;1;8190;124;4294967294;191;14;0;20191024;090858;-0700;"";PM_responsive_tables;trafficResponsive
Caltrans;12602;2;8190;254;4294967294;208;19;0;20191024;090858;-0700;"";PM_responsive_tables;dark
Caltrans;12601;1;8190;124;4294967294;63;5;30;20191024;090858;-0700;"";;trafficResponsive
Caltrans;12601;2;8190;254;4294967294;80;9;30;20191024;090858;-0700;"";;dark
Caltrans;31;1;8190;124;4294967294;63;5;30;20191024;123852;-0700;"";;trafficResponsive
Caltrans;31;2;8190;254;4294967294;80;9;30;20191024;123852;-0700;"";;dark